{"ASIA": [{"Month": "January", "Dingus": 11, "Widget": 83}, {"Month": "February", "Dingus": 89, "Widget": 15}, {"Month": "March ", "Dingus": 25, "Widget": 35}], "AFRICA": [{"Month": "January", "Dingus": 89, "Widget": 43}, {"Month": "February", "Dingus": 66, "Widget": 90}, {"Month": "March ", "Dingus": 64, "Widget": 89}], "ANTARCTICA": [{"Month": "January", "Dingus": 0, "Widget": 0}, {"Month": "February", "Dingus": 0, "Widget": 0}, {"Month": "March ", "Dingus": 0, "Widget": 0}], "EUROPE": [{"Month": "January", "Dingus": 67, "Widget": 37}, {"Month": "February", "Dingus": 87, "Widget": 32}, {"Month": "March ", "Dingus": 81, "Widget": 33}], "AUSTRALIA": [{"Month": "January", "Dingus": 88, "Widget": 15}, {"Month": "February", "Dingus": 67, "Widget": 61}, {"Month": "March ", "Dingus": 65, "Widget": 39}], "NORTHAMERICA": [{"Month": "January", "Dingus": 73, "Widget": 75}, {"Month": "February", "Dingus": 80, "Widget": 57}, {"Month": "March ", "Dingus": 46, "Widget": 41}], "SOUTHAMERICA": [{"Month": "January", "Dingus": 64, "Widget": 60}, {"Month": "February", "Dingus": 11, "Widget": 58}, {"Month": "March ", "Dingus": 100, "Widget": 58}]}